epoch,step,train_loss,val_score
0,49,0.03727283328771591,
0,71,,0.6242650151252747
0,99,0.036618541926145554,
0,143,,0.6838109493255615
